activity_type,event_type,category,occurred_at,ended_at,amount,currency,vehicle_id,vehicle_name,title,description,energy_kwh,fuel_liters,odometer_km,source,battery_level_start,battery_level_end,place_name,latitude,longitude
session,fueling,,2019-01-04,,13829,HUF,,Babzsi,,Shell,,40.33,180196,Shell,,,,,
session,fueling,,2019-01-23,,14080,HUF,,Babzsi,,Shell,,40.47,180717,Shell,,,,,
session,fueling,,2019-02-15,,14966,HUF,,Babzsi,,Shell,,42.53,181254,Shell,,,,,
session,fueling,,2019-03-03,,15052,HUF,,Babzsi,,Mol,,41.25,181933,Mol,,,,,
session,fueling,,2019-04-12,,17110,HUF,,Babzsi,,Mol,,43,182539,Mol,,,,,
session,fueling,,2019-04-30,,16414,HUF,,Babzsi,,Mol,,40.74,183279,Mol,,,,,
session,fueling,,2019-05-17,,13488,HUF,,Babzsi,,Mol,,33.23,183888,Mol,,,,,
session,fueling,,2019-06-02,,16632,HUF,,Babzsi,,Shell Rakamaz,,40.28,184623,Shell,,,,,
session,fueling,,2019-06-21,,16332,HUF,,Babzsi,,Shell,,43.68,185299,Shell,,,,,
session,fueling,,2019-07-05,,16227,HUF,,Babzsi,,Shell Lidl,,42.05,186128,Shell,,,,,
session,fueling,,2019-08-12,,16130,HUF,,Babzsi,,Shell Lidl,,41.69,187468,Shell,,,,,
session,fueling,,2019-08-26,,13063,HUF,,Babzsi,,Shell Lidl,,35.03,188080,Shell,,,,,
session,fueling,,2019-09-16,,16292,HUF,,Babzsi,,Shell,,42.55,188746,Shell,,,,,
session,fueling,,2019-10-06,,15131,HUF,,Babzsi,,Patak tank,,39.3,189420,Patak tank,,,,,
session,fueling,,2019-10-26,,14879,HUF,,Babzsi,,Shell,,38.96,190066,Shell,,,,,
session,fueling,,2019-11-16,,17975,HUF,,Babzsi,,Shell,,46.22,190737,Shell,,,,,
session,fueling,,2019-12-04,,15979,HUF,,Babzsi,,Shell Lidl,,41.3,191463,Shell,,,,,
session,fueling,,2019-12-22,,15559,HUF,,Babzsi,,Shell Lidl,,40.11,192135,Shell,,,,,
session,fueling,,2020-01-04,,14649,HUF,,Babzsi,,Patak tank,,37.37,192710,Patak tank,,,,,
session,fueling,,2020-01-23,,15459,HUF,,Babzsi,,Shell Lidl,,38.95,193287,Shell,,,,,
session,fueling,,2020-02-08,,7598,HUF,,Babzsi,,MOL Téglás,,20,193895,Mol,,,,,
session,fueling,,2020-02-16,,7638,HUF,,Babzsi,,Shell,,20,194233,Shell,,,,,
session,fueling,,2020-02-23,,7618,HUF,,Babzsi,,Shell Lidl,,20,194580,Shell,,,,,
session,fueling,,2020-03-08,,9050,HUF,,Babzsi,,Patak tank,,25,194870,Patak tank,,,,,
session,fueling,,2020-03-31,,7498,HUF,,Babzsi,,Shell Lidl,,25,195241,Shell,,,,,
session,fueling,,2020-05-01,,7000,HUF,,Babzsi,,Shell Lidl,,25.1,195529,Shell,,,,,
session,fueling,,2020-05-15,,9000,HUF,,Babzsi,,Shell Lidl,,29.23,195998,Shell,,,,,
session,fueling,,2020-05-25,,9501,HUF,,Babzsi,,Shell Lidl,,29.7,196572,Shell,,,,,
session,fueling,,2020-06-05,,8273,HUF,,Babzsi,,Shell Lidl,,25,196990,Shell,,,,,
session,fueling,,2020-06-17,,9712,HUF,,Babzsi,,Shell Lidl,,29.6,197449,Shell,,,,,
session,fueling,,2020-06-28,,9998,HUF,,Babzsi,,Shell Lidl,,25.25,198019,Shell,,,,,
session,fueling,,2020-07-10,,10857,HUF,,Babzsi,,Shell Lidl,,30,198406,Shell,,,,,
session,fueling,,2020-07-20,,10677,HUF,,Babzsi,,Lukoil,,30,198979,Lukoil,,,,,
session,fueling,,2020-07-31,,11000,HUF,,Babzsi,,Shell Lidl,,30.65,199429,Shell,,,,,
session,fueling,,2020-08-13,,12604,HUF,,Babzsi,,Shell Lidl,,35,199891,Shell,,,,,
session,fueling,,2020-08-23,,11187,HUF,,Babzsi,,Shell Rakamaz,,30,200416,Shell,,,,,
session,fueling,,2020-08-30,,10003,HUF,,Babzsi,,Shell Rakamaz,,26.47,200844,Shell,,,,,
session,fueling,,2020-09-07,,13325,HUF,,Babzsi,,Lukoil,,37.44,201294,Lukoil,,,,,
session,fueling,,2020-09-20,,15314,HUF,,Babzsi,,Shell Rakamaz,,41.29,201855,Shell,,,,,
session,fueling,,2020-10-05,,14599,HUF,,Babzsi,,Patak tank,,39.95,202460,Patak tank,,,,,
session,fueling,,2020-10-18,,15143,HUF,,Babzsi,,Shell Rakamaz,,41.16,203103,Shell,,,,,
session,fueling,,2020-11-20,,12478,HUF,,Babzsi,,Shell Lidl,,35.56,203670,Shell,,,,,
session,fueling,,2020-12-04,,15728,HUF,,Babzsi,,Shell Lidl,,43.58,204300,Shell,,,,,
session,fueling,,2020-12-13,,15969,HUF,,Babzsi,,Patak tank,,43.63,205042,Patak tank,,,,,
session,fueling,,2020-12-27,,16300,HUF,,Babzsi,,Shell Lidl,,44.67,205808,Shell,,,,,
session,fueling,,2021-01-20,,16304,HUF,,Babzsi,,Shell Lidl,,42.14,206485,Shell,,,,,
session,fueling,,2021-02-04,,16521,HUF,,Babzsi,,Shell Lidl,,42.7,207091,Shell,,,,,
session,fueling,,2021-02-14,,17956,HUF,,Babzsi,,Shell Lidl,,45.24,207912,Shell,,,,,
session,fueling,,2021-03-05,,18112,HUF,,Babzsi,,Shell Lidl,,43.34,208584,Shell,,,,,
session,fueling,,2021-03-19,,6524,HUF,,Babzsi,,Shell Rakamaz,,15,209294,Shell,,,,,
session,fueling,,2021-04-07,,20001,HUF,,Babzsi,,Shell Lidl,,47.86,210400,Shell,,,,,
session,fueling,,2021-04-23,,19403,HUF,,Babzsi,,Shell Lidl,,45.27,211136,Shell,,,,,
session,fueling,,2021-05-07,,6631,HUF,,Babzsi,,Patak tank,,15.14,212048,Patak tank,,,,,
session,fueling,,2021-05-14,,18957,HUF,,Babzsi,,Shell,,43.29,212234,Shell,,,,,
session,fueling,,2021-05-24,,10004,HUF,,Babzsi,,Shell,,22.95,213062,Shell,,,,,
session,fueling,,2021-06-06,,19322,HUF,,Babzsi,,Shell Rakamaz,,44.53,213410,Shell,,,,,
session,fueling,,2021-06-24,,18846,HUF,,Babzsi,,Patak tank,,42.93,214053,Patak tank,,,,,
session,fueling,,2021-07-05,,20384,HUF,,Babzsi,,Shell,,45.51,214719,Shell,,,,,
session,fueling,,2021-07-19,,21735,HUF,,Babzsi,,Shell Lidl,,47.99,215412,Shell,,,,,
session,fueling,,2021-08-01,,20250,HUF,,Babzsi,,TIPP,,45,216102,TIPP,,,,,
session,fueling,,2021-08-13,,23324,HUF,,Babzsi,,Patak tank,,51.83,216765,Patak tank,,,,,
session,fueling,,2021-08-22,,18001,HUF,,Babzsi,,Patak tank,,40.27,217555,Patak tank,,,,,
session,fueling,,2021-09-07,,20146,HUF,,Babzsi,,Shell Lidl,,45.38,218198,Shell,,,,,
session,fueling,,2021-09-19,,20100,HUF,,Babzsi,,Patak tank,,43.6,218945,Patak tank,,,,,
session,fueling,,2021-10-06,,21603,HUF,,Babzsi,,Patak tank,,45.48,219726,Patak tank,,,,,
session,fueling,,2021-10-16,,15046,HUF,,Babzsi,,Patak tank,,30.52,220484,Patak tank,,,,,
session,fueling,,2021-10-27,,21191,HUF,,Babzsi,,Patak tank,,42.13,221623,Patak tank,,,,,
session,fueling,,2021-11-04,,21255,HUF,,Babzsi,,Patak tank,,41.84,222336,Patak tank,,,,,
session,fueling,,2021-11-24,,18452,HUF,,Babzsi,,Mol Patak,,38.45,222980,Mol,,,,,
session,fueling,,2021-12-05,,22598,HUF,,Babzsi,,Mol Patak,,47.09,223694,Mol,,,,,
session,fueling,,2022-01-09,,20311,HUF,,Babzsi,,Mol Patak,,42.5,224695,Mol,,,,,
session,fueling,,2022-01-21,,21701,HUF,,Babzsi,,Mol Patak,,45.22,225659,Mol,,,,,
session,fueling,,2022-02-08,,23381,HUF,,Babzsi,,Shell,,48.72,226435,Shell,,,,,
session,fueling,,2022-03-01,,23721,HUF,,Babzsi,,Mol Patak,,49.43,227276,Mol,,,,,
session,fueling,,2022-03-10,,19671,HUF,,Babzsi,,Mol Patak,,40.99,227976,Mol,,,,,
session,fueling,,2022-04-05,,23736,HUF,,Babzsi,,Shell,,49.46,228892,Shell,,,,,
session,fueling,,2022-05-02,,23813,HUF,,Babzsi,,Shell Lidl,,49.62,229831,Shell,,,,,
session,fueling,,2022-06-06,,19863,HUF,,Babzsi,,Mol Patak,,41.39,230672,Mol,,,,,
session,fueling,,2022-06-16,,22997,HUF,,Babzsi,,Mol Patak,,47.92,231461,Mol,,,,,
session,fueling,,2022-06-29,,23338,HUF,,Babzsi,,Shell Lidl,,48.63,232207,Shell,,,,,
session,fueling,,2022-07-13,,21543,HUF,,Babzsi,,Mol Patak,,44.88,232985,Mol,,,,,
session,fueling,,2022-07-29,,21754,HUF,,Babzsi,,Mol Patak,,45.33,233738,Mol,,,,,
session,fueling,,2022-08-12,,20343,HUF,,Babzsi,,Mol Patak,,42.39,234424,Mol,,,,,
session,fueling,,2022-08-22,,22886,HUF,,Babzsi,,Shell,,47.69,235209,Shell,,,,,
session,fueling,,2022-08-31,,23419,HUF,,Babzsi,,Mol Patak,,48.8,235965,Mol,,,,,
session,fueling,,2022-09-22,,23712,HUF,,Babzsi,,Mol Tokaj,,49.41,236793,Mol,,,,,
session,fueling,,2022-10-04,,22594,HUF,,Babzsi,,Mol Deb,,47.08,237647,Mol,,,,,
session,fueling,,2022-10-19,,23083,HUF,,Babzsi,,Mol Tokaj,,48.1,238433,Mol,,,,,
session,fueling,,2022-10-26,,22339,HUF,,Babzsi,,Mol szekszard,,46.55,239242,Mol,,,,,
session,fueling,,2022-11-04,,23529,HUF,,Babzsi,,Mol Tokaj,,49.03,240094,Mol,,,,,
session,fueling,,2022-11-27,,22762,HUF,,Babzsi,,Mol Tokaj,,47.43,241274,Mol,,,,,
