sorszám,Id?pont,napok,Liter,Km állás,Trip km,ár/l,végösszeg,fogyasztás,kút,Ft/KM,Ft/KM Check,2019-ben benzinre költött:,"HUF 1,510,478"
1,1/4/2019,19,40.33,180196,,342.9,13829,,Shell,,, megtett km:,61078 km
2,1/23/2019,23,40.47,180717,521,347.9,14080,7.768,Shell,27.02401727,27.02495202,,
3,2/15/2019,16,42.53,181254,537,351.9,14966,7.920,Shell,27.87021788,27.86964618,,
4,3/3/2019,40,41.25,181933,679,364.9,15052,6.075,Mol,22.16807806,22.16789396,,
5,4/12/2019,18,43,182539,606,397,17110,7.096,Mol,28.169967,28.23432343,,
6,4/30/2019,17,40.74,183279,740,402.9,16414,5.505,Mol,22.18127838,22.18108108,,
7,5/17/2019,16,33.23,183888,608,405.9,13488,5.465,Mol,22.18430,22.18421053,,
8,6/2/2019,19,40.28,184623,743,412.9,16632,5.421,Shell Rakamaz,22.38440,22.38492598,,
9,6/21/2019,14,43.68,185299,677,373.9,16332,6.452,Shell,24.12400591,24.12407681,,
10,7/5/2019,38,42.05,186128,829,385.9,16227,5.072,Shell Lidl,19.57430,19.57418577,,
11,8/12/2019,14,41.69,187468,696,386.9,16130,5.990,Shell Lidl,23.17509,23.17528736,,
12,8/26/2019,21,35.03,188080,612,372.9,13063,5.724,Shell Lidl,21.34426,21.34477124,,
13,9/16/2019,20,42.55,188746,666,382.9,16292,6.389,Shell,24.46306,24.46246246,,
14,10/6/2019,20,39.3,189420,674,385,15131,5.831,Patak tank,22.44881,22.44955490,,
15,10/26/2019,21,38.96,190066,645,381.9,14879,6.040,Shell,23.06794,23.06821705,,
16,11/16/2019,18,46.22,190737,671,388.9,17975,6.888,Shell,26.78831,26.78837556,,
17,12/4/2019,18,41.3,191463,726,386.9,15979,5.689,Shell Lidl,22.00960,22.00964187,,
18,12/22/2019,13,40.11,192135,671,387.9,15559,5.978,Shell Lidl,23.18729,23.18777943,,
19,1/4/2020,19,37.37,192710,575,392,14649,6.499,Patak tank,25.47659,25.47652174,,
20,1/23/2020,16,38.95,193287,573,396.9,15459,6.798,Shell Lidl,26.97950,26.97905759,,
21,2/8/2020,8,20,193895,608,379.9,7598,5.917,MOL Téglás,22.47929,12.49671053,,
22,2/16/2020,7,20,194233,338,381,7638,5.917,Shell,22.54438,22.59763314,,
23,2/23/2020,14,20,194580,347,380.9,7618,5.764,Shell Lidl,21.95389,21.95389049,,
24,3/8/2020,23,25,194870,289,362.9,9050,8.651,Patak tank,31.39273,31.31487889,,
25,3/31/2020,31,25,195241,371,299.9,7498,6.739,Shell Lidl,20.20889,20.21024259,,
26,5/1/2020,14,25.1,195529,287,278.9,7000,8.746,Shell Lidl,24.39160,24.39024390,,
27,5/15/2020,10,29.23,195998,468,307.9,9000,6.246,Shell Lidl,19.23059,19.23076923,,
28,5/25/2020,11,29.7,196572,574,319.9,9501,5.174,Shell Lidl,16.55232,16.55226481,,
29,6/5/2020,12,25,196990,418,330.9,8273,5.981,Shell Lidl,19.79067,19.79186603,,
30,6/17/2020,11,29.6,197449,459,337.9,9712,6.449,Shell Lidl,21.79050,21.15904139,,
31,6/28/2020,12,25.25,198019,570,353.9,9998,4.430,Shell Lidl,15.67715,17.54035088,,
32,7/10/2020,10,30,198046,387,361.9,10857,7.752,Shell Lidl,28.05426,28.05426357,,
33,7/20/2020,11,30,198979,573,355.9,10677,5.236,Lukoil,18.63351,18.63350785,,
34,7/31/2020,13,30.65,199429,450,358.9,11000,6.811,Shell Lidl,24.44508,24.44444444,,
35,8/13/2020,10,35,199891,462,359.9,12604,7.576,Shell Lidl,27.26515,27.28138528,,
36,8/23/2020,7,30,200416,525,372.9,11187,5.714,Shell Rakamaz,21.30857,21.30857143,,
37,8/30/2020,8,26.47,200844,428,377.9,10003,6.185,Shell Rakamaz,23.37153,23.37149533,,
38,9/7/2020,13,37.44,201294,449,355.9,13325,8.339,Lukoil,29.67683,29.67706013,,
39,9/20/2020,15,41.29,201855,561,370.9,15314,7.360,Shell Rakamaz,27.29850,27.29768271,,
40,10/5/2020,13,39.95,202460,604,371,14599,6.614,Patak tank,24.53882,24.1705298,,
41,10/18/2020,33,41.16,203103,643.7,367.9,15143,6.394,Shell Rakamaz,23.52457,23.52493398,,
42,11/20/2020,14,35.56,203670,567,350.9,12478,6.272,Shell Lidl,22.00706,22.00705467,,
43,12/4/2020,9,43.58,204300,630,360.9,15728,6.917,Shell Lidl,24.96511,24.96507937,,
44,12/13/2020,14,43.63,205042,741,366,15969,5.888,Patak tank,21.55004,21.55060729,,
45,12/27/2020,24,44.67,205808,767,364.9,16300,5.824,Shell Lidl,21.25174,21.25162973,,
46,1/20/2021,15,42.14,206485,677,386.9,16304,6.225,Shell Lidl,24.08267,24.08271787,,
47,2/4/2021,10,42.7,207091,605,386.9,16521,7.058,Shell Lidl,27.30683,27.30743802,,
48,2/14/2021,19,45.24,207912,822,396.9,17956,5.504,Shell Lidl,21.84399,21.84428224,,
49,3/5/2021,14,43.34,208584,671,417.9,18112,6.459,Shell Lidl,26.99223,26.99254844,,
50,3/19/2021,19,15,209294,710,434.9,6524,7.500,Shell Rakamaz,32.61750,9.188732394,,
51,4/7/2021,16,47.86,210400,901,417.9,20001,5.312,Shell Lidl,22.19833,22.19866815,,
52,4/23/2021,14,45.27,211136,736,420.9,19403,6.151,Shell Lidl,25.88878,26.36277174,,
53,5/7/2021,7,15.14,212048,912,438,6631,8.184,Patak tank,35.84497,7.270833333,,
54,5/14/2021,10,43.29,212234,185,437.9,18957,5.235,Shell ,22.92224,102.4702703,,
55,5/24/2021,13,22.95,213062,827,435.9,10004,5.977,Shell,26.05184,12.09673519,,
56,6/6/2021,18,44.53,213410,384,433.9,19322,5.977,Shell Rakamaz,25.93230,50.31770833,,
57,6/24/2021,11,42.93,214053,642,439,18846,6.687,Patak tank,29.35556,29.35514019,,
58,7/5/2021,14,45.51,214719,666,447.9,20384,6.833,Shell,30.60650,30.60660661,,
59,7/19/2021,13,47.99,215412,693,452.9,21735,6.925,Shell Lidl,31.36316,31.36363636,,
60,8/1/2021,12,45,216102,690,450,20250,6.522,TIPP,29.34783,29.34782609,,
61,8/13/2021,9,51.83,216765,662,450,23324,7.829,Patak tank,35.23187,35.2326284,,
62,8/22/2021,16,40.27,217555,790,447,18001,5.097,Patak tank,22.78568,22.78607595,,
63,9/7/2021,12,45.38,218198,643,449.9,20146,7.058,Shell Lidl,31.75188,31.33125972,,
64,9/19/2021,17,43.6,218945,747,461,20100,5.837,Patak tank,26.90710,26.90763052,,
65,10/6/2021,10,45.48,219726,781,475,21603,5.823,Patak tank,27.66069,27.66069142,,
66,10/16/2021,11,30.52,220484,758,493,15046,4.026,Patak tank,19.85008,19.84960422,,
67,10/27/2021,8,42.13,221623,780,503,21191,5.401,Patak tank,27.16845,27.16794872,,
68,11/4/2021,20,41.84,222336,721,508,21255,5.803,Patak tank,29.47950,29.47988904,,
69,11/24/2021,11,38.45,222980,644,479.9,18452,5.970,Mol Patak,28.65241,28.65217391,,
70,12/5/2021,35,47.09,223694,713,479.9,22598,6.604,Mol Patak,31.69494,31.69424965,,
71,1/9/2022,12,42.5,224695,610,477.9,20311,6.967,Mol Patak,33.29631,33.29672131,,
72,1/21/2022,18,45.22,225659,694,479.9,21701,6.516,Mol Patak,31.26956,31.26945245,,
73,2/8/2022,21,48.72,226435,776,479.9,23381,6.278,Shell,30.12980,30.13015464,,
74,3/1/2022,9,49.43,227276,840,479.9,23721,5.885,Mol Patak,28.23983,28.23982976,,
75,3/10/2022,26,40.99,227976,700,479.9,19671,5.856,Mol Patak,28.10157,28.10157286,,
76,4/5/2022,27,49.46,228892,915,479.9,23736,5.405,Shell,25.94082,25.94082404,,
77,5/2/2022,35,49.62,229831,939,479.9,23813,5.284,Shell Lidl,25.35957,25.35957188,,
78,6/6/2022,10,41.39,230672,841,479.9,19863,4.922,Mol Patak,23.61838,23.61838407,,
79,6/16/2022,13,47.92,231461,789,479.9,22997,6.074,Mol Patak,29.14678,29.1467782,,
80,6/29/2022,14,48.63,232207,746,479.9,23338,6.519,Shell Lidl,31.28356,31.28356166,,
81,7/13/2022,16,44.88,232985,777,479.9,21543,5.776,Mol Patak,27.71932,27.72586873,,
82,7/29/2022,14,45.33,233738,753,479.9,21754,6.020,Mol Patak,28.88960,28.88959761,,
83,8/12/2022,10,42.39,234424,686,479.9,20343,6.179,Mol Patak,29.65446,29.6544621,,
84,8/22/2022,9,47.69,235209,785,479.9,22886,6.075,Shell,29.15469,29.15468917,,
85,8/31/2022,22,48.8,235965,755,479.9,23419,6.464,Mol Patak,31.01870,31.01870199,,
86,9/22/2022,12,49.41,236793,828,479.9,23712,5.967,Mol Tokaj,28.63751,28.63751087,,
87,10/4/2022,15,47.08,237647,853,479.9,22594,5.519,Mol Deb,26.48733,26.48732943,,
88,10/19/2022,7,48.1,238433,786,479.9,23083,6.120,Mol Tokaj,29.36793,29.36792621,,
89,10/26/2022,9,46.55,239242,808,479.9,22339,5.761,Mol szekszard,27.64770,27.64770421,,
90,11/4/2022,23,49.03,240094,852,479.9,23529,5.755,Mol Tokaj,27.61678,27.61678052,,
91,11/27/2022,-44892,47.43,241274,850,479.9,22762,5.580,Mol Tokaj,26.77842,26.77842,,
92,,,,,,,,,,,,,
93,,,,,,,,,,,,,
94,,,,,,,,,,,,,
95,,,,,,,,,,,,,
96,,,,,,,,,,,,,
97,,,,,,,,,,,,,
98,,,,,,,,,,,,,
99,,,,,,,,,,,,,
100,,,,,,,,,,,,,
101,,,,,,,,,,,,,
102,,,,,,,,,,,,,
103,,,,,,,,,,,,,
104,,,,,,,,,,,,,
105,,,,,,,,,,,,,
106,,,,,,,,,,,,,
107,,,,,,,,,,,,,
108,,,,,,,,,,,,,
